userId,movieId,rating,timestamp
611,83,4.5,1730270987
611,208,3.0,1730269905
611,293,4.0,1730269976
611,315,4.0,1730270366
611,573,1.5,1730270781
611,887,3.0,1730271257
611,1048,3.5,1730271002
611,1050,1.5,1730270176
611,1158,4.5,1730270234
611,1207,4.0,1730270482
611,1543,1.5,1730271314
611,1605,2.0,1730271120
611,1654,2.5,1730269969
611,1671,3.5,1730270167
611,1810,3.5,1730270453
611,1955,2.5,1730270911
611,2016,2.5,1730269900
611,2390,1.5,1730269988
611,2451,3.0,1730270702
611,2480,5.0,1730270308
611,2489,1.5,1730270119
611,2671,1.5,1730270556
611,2756,4.5,1730270047
611,2795,2.5,1730271133
611,2979,1.0,1730270691
611,3060,5.0,1730270977
611,3063,3.0,1730270538
611,3505,3.0,1730270104
611,3573,2.0,1730271171
611,3688,1.5,1730269896
611,3804,3.5,1730270470
611,3965,4.0,1730269902
611,3968,4.5,1730270284
611,4111,1.5,1730270871
611,4213,3.0,1730270910
611,4221,4.0,1730270873
611,4240,4.5,1730270908
611,4308,3.5,1730270332
611,4628,1.5,1730270192
611,4681,4.0,1730270396
611,4930,2.5,1730269957
611,4954,3.5,1730270567
611,4995,4.5,1730271293
611,5288,2.5,1730270095
611,5393,5.0,1730270368
611,5626,2.5,1730270772
611,5743,2.5,1730271244
611,5842,1.5,1730270816
611,6023,2.5,1730270600
611,6708,1.5,1730271284
611,6757,3.5,1730270485
611,7193,2.0,1730269948
611,7269,3.0,1730270898
611,7326,2.5,1730271122
611,7343,4.0,1730271056
611,7349,3.5,1730270160
611,7361,1.5,1730270589
611,7440,4.5,1730269920
611,7673,4.5,1730270202
611,7790,5.0,1730270349
611,7828,4.0,1730270244
611,8201,3.5,1730270505
611,8434,1.5,1730271109
611,8510,4.0,1730270694
611,8516,3.0,1730270502
611,8783,4.5,1730270466
611,8938,2.5,1730271190
611,9023,5.0,1730271274
611,9030,5.0,1730271037
611,9054,5.0,1730271053
611,9475,4.5,1730270901
611,9657,3.5,1730270242
611,9687,2.0,1730270165
611,9778,1.5,1730270467
611,9819,5.0,1730270418
611,10008,4.0,1730271210
611,10221,5.0,1730271177
611,10426,4.5,1730271078
611,10512,3.5,1730270087
611,10580,2.5,1730270533
611,10853,5.0,1730270084
611,11004,2.5,1730271357
611,11056,3.5,1730270880
611,11074,2.0,1730270198
611,11343,3.0,1730271280
611,11386,4.0,1730271231
611,11491,5.0,1730270957
611,11529,3.5,1730270247
611,11585,3.0,1730270399
611,11600,2.5,1730269990
611,11680,4.0,1730271233
611,11684,4.5,1730270443
611,11707,2.5,1730270966
611,11808,3.0,1730270696
611,12079,5.0,1730270422
611,12118,2.0,1730270495
611,12666,4.0,1730271254
611,12686,3.0,1730270762
611,12737,5.0,1730269915
611,12767,4.0,1730270380
611,12892,2.0,1730270993
611,13031,2.5,1730270429
611,13058,4.0,1730270387
611,13205,5.0,1730271070
611,13250,4.0,1730270318
611,13313,2.0,1730270473
611,13337,2.0,1730271225
611,13717,4.0,1730270504
611,13781,4.0,1730270389
611,13915,3.0,1730270038
611,13942,1.0,1730271023
611,14094,3.5,1730269881
611,14333,4.0,1730270951
611,14370,3.0,1730270792
611,14390,2.0,1730271249
611,14534,4.5,1730271185
611,14592,4.0,1730270650
611,14872,2.5,1730271301
611,14887,1.5,1730270436
611,14988,5.0,1730270654
611,15018,5.0,1730271016
611,15188,1.0,1730270412
611,15340,4.5,1730270967
611,15503,3.0,1730269995
611,15549,4.5,1730270099
611,15600,4.5,1730270536
611,15858,5.0,1730271221
611,15986,1.5,1730270866
611,16098,4.5,1730270486
611,16271,2.5,1730270912
611,16281,4.5,1730270713
611,16288,3.0,1730270386
611,16327,4.0,1730270725
611,16411,1.5,1730271174
611,16576,1.5,1730270054
611,16598,4.0,1730269899
611,16991,3.5,1730270608
611,17117,2.0,1730270867
611,17236,1.5,1730271173
611,17282,1.0,1730270402
611,17420,2.0,1730270574
611,17541,1.5,1730270662
611,17975,3.5,1730270348
611,18107,4.0,1730270447
611,18255,2.0,1730270834
611,18335,2.0,1730270480
611,18512,4.5,1730270265
611,18603,1.0,1730269962
611,18845,1.0,1730270358
611,19093,2.0,1730271101
611,19115,3.0,1730270069
611,19139,4.0,1730270184
611,19362,2.5,1730270659
611,19422,2.0,1730271318
611,19511,5.0,1730271063
611,19675,5.0,1730270106
611,19771,3.5,1730269908
611,19828,3.5,1730270415
611,19862,4.0,1730271277
611,19862,1.5,1730270588
611,20093,2.5,1730270844
611,20181,3.5,1730270970
611,20260,5.0,1730271062
611,20333,2.0,1730271111
611,20823,2.0,1730271083
611,21017,2.5,1730270889
611,21074,3.5,1730271240
611,21471,3.5,1730270544
611,21556,1.5,1730271026
611,21559,1.5,1730270433
611,21670,3.5,1730270122
611,21696,5.0,1730270427
611,21921,1.5,1730270731
611,22036,1.5,1730269894
611,22493,4.0,1730271086
611,22512,3.5,1730270703
611,22532,2.5,1730271269
611,22807,4.5,1730270518
611,22892,1.5,1730271343
611,22981,2.5,1730270017
611,23164,1.5,1730270729
611,23167,2.0,1730270941
611,23310,1.0,1730271271
611,23360,4.5,1730269897
611,23490,3.0,1730270895
611,23651,5.0,1730271298
611,23821,1.5,1730271004
611,24037,3.0,1730270730
611,24071,2.5,1730270832
611,24123,3.5,1730270107
611,24183,2.0,1730270030
611,24442,2.0,1730270215
611,24512,3.0,1730271305
611,24609,2.0,1730269952
611,24625,4.5,1730269932
611,24691,3.0,1730270227
611,24854,3.0,1730269944
611,25232,2.5,1730271250
611,25309,2.5,1730270719
611,25402,2.5,1730270031
611,25668,2.5,1730270560
611,25730,4.0,1730270949
611,25764,4.5,1730270016
611,25821,4.0,1730270543
611,25935,2.5,1730269916
611,25949,3.0,1730270226
611,26047,3.0,1730270797
611,26213,2.0,1730270815
611,26303,1.5,1730270040
611,26390,3.0,1730271182
611,26598,1.5,1730270617
611,26613,2.0,1730270782
611,26953,3.0,1730269906
611,27032,3.5,1730271055
611,27122,1.0,1730270252
611,27126,4.0,1730270479
611,27236,2.0,1730270022
611,27296,2.0,1730270884
611,27512,3.0,1730270196
611,27606,4.0,1730270801
611,27620,3.5,1730269945
611,27730,3.5,1730270854
611,27782,4.0,1730270300
611,27881,3.0,1730269888
611,28043,2.5,1730270896
611,28231,4.0,1730270606
611,28334,4.5,1730270269
611,28540,2.5,1730271166
611,28813,2.5,1730270740
611,28857,4.5,1730271220
611,28951,2.5,1730270663
611,28983,4.0,1730271090
611,29103,2.0,1730269928
611,29169,5.0,1730270754
611,29193,4.0,1730270554
611,29359,2.0,1730270398
611,29383,2.0,1730270540
611,29394,3.0,1730270258
611,29404,4.5,1730270474
611,29589,2.0,1730269955
611,29632,4.5,1730270853
611,29685,2.5,1730270528
611,29697,5.0,1730270307
611,29812,4.5,1730270566
611,29946,4.0,1730270961
611,29971,1.0,1730270715
611,30040,4.0,1730271355
611,30111,4.0,1730270113
611,30312,3.5,1730270592
611,30512,4.5,1730269963
611,30514,2.0,1730270837
611,30789,1.0,1730270100
611,30948,4.5,1730270972
611,31065,3.5,1730270990
611,31247,4.5,1730270338
611,31270,4.0,1730269890
611,31646,1.0,1730270669
611,31651,2.5,1730270360
611,31822,1.5,1730270137
611,31867,2.5,1730269891
611,31908,2.5,1730269914
611,31937,4.5,1730271289
611,32544,2.0,1730271324
611,32761,1.5,1730270289
611,32794,2.0,1730270129
611,32860,1.0,1730270217
611,33159,2.5,1730271085
611,33194,1.0,1730271223
611,33226,3.5,1730270886
611,33249,2.5,1730270679
611,33442,4.0,1730271121
611,33615,3.5,1730270319
611,33712,4.0,1730271319
611,33846,4.0,1730271356
611,34011,4.0,1730270393
611,34086,4.5,1730270051
611,34218,4.5,1730270094
611,34232,1.5,1730270484
611,34233,1.0,1730270811
611,34321,3.5,1730271218
611,34627,1.5,1730270692
611,34660,4.5,1730271005
611,34806,2.5,1730270191
611,34896,4.5,1730270187
611,34924,2.0,1730270116
611,34924,2.5,1730270303
611,35102,4.0,1730271029
611,35189,2.0,1730270748
611,35464,3.5,1730270262
611,35816,5.0,1730270511
611,35816,2.5,1730270514
611,35948,5.0,1730270541
611,36156,3.5,1730270108
611,36383,1.5,1730271084
611,36406,3.0,1730271306
611,36512,4.0,1730270154
611,36574,4.5,1730270888
611,36651,5.0,1730270257
611,36703,3.5,1730270581
611,36989,2.0,1730270221
611,37020,1.5,1730270933
611,37119,3.5,1730271154
611,37182,4.0,1730270464
611,37444,4.5,1730270657
611,37446,4.5,1730270282
611,37588,4.0,1730270806
611,37663,1.5,1730270275
611,37825,2.5,1730270994
611,37836,1.5,1730271226
611,38008,3.0,1730270376
611,38199,4.5,1730270185
611,38206,4.0,1730270827
611,38214,1.5,1730269981
611,38218,4.0,1730271359
611,38266,2.5,1730271303
611,38269,4.0,1730270674
611,38613,3.5,1730270822
611,38636,2.5,1730270903
611,38794,3.5,1730271371
611,38871,3.5,1730271228
611,38929,2.5,1730270955
611,38952,1.0,1730271140
611,39193,2.0,1730271328
611,39270,2.5,1730269895
611,39408,3.0,1730270103
611,39446,2.0,1730271119
611,39655,2.5,1730270110
611,39773,5.0,1730271205
611,40144,5.0,1730270614
611,40235,1.5,1730270477
611,40363,4.0,1730271036
611,40570,4.5,1730270626
611,40666,4.0,1730270855
611,40771,1.5,1730270299
611,40888,2.5,1730269912
611,40950,2.5,1730270374
611,40995,3.0,1730271213
611,41026,1.5,1730270821
611,41039,3.0,1730270375
611,41135,1.5,1730271236
611,41266,2.5,1730270456
611,41341,4.0,1730270631
611,41417,3.0,1730271052
611,41587,3.0,1730269873
611,41684,1.0,1730270620
611,41770,3.5,1730270747
611,42066,3.0,1730271048
611,42071,1.5,1730270233
611,42203,5.0,1730271187
611,42444,4.5,1730270609
611,42860,4.0,1730270751
611,43019,2.5,1730270455
611,43118,2.0,1730270917
611,43332,3.0,1730270213
611,43417,4.5,1730271239
611,43542,1.5,1730270288
611,43895,3.5,1730271316
611,44033,3.0,1730271327
611,44035,2.5,1730271285
611,44100,1.5,1730270769
611,44280,5.0,1730270510
611,44320,3.0,1730270775
611,44541,4.5,1730270064
611,44609,1.0,1730270072
611,44703,3.0,1730270918
611,44783,4.5,1730270684
611,44872,3.0,1730270926
611,44902,1.5,1730270401
611,45000,4.0,1730270675
611,45306,2.5,1730270671
611,45509,3.5,1730270212
611,45519,5.0,1730271255
611,45597,3.0,1730270179
611,45670,2.0,1730271022
611,45737,3.0,1730270128
611,45759,4.0,1730269885
611,45769,3.0,1730269985
611,45838,5.0,1730270587
611,45842,3.5,1730270361
611,45854,3.5,1730270633
611,45888,4.5,1730269887
611,45889,3.5,1730270619
611,45963,1.5,1730270851
611,46281,3.5,1730270168
611,46443,1.5,1730270341
611,46450,2.5,1730269968
611,46514,3.0,1730270508
611,46587,4.0,1730270321
611,46650,1.0,1730269880
611,46692,1.5,1730270476
611,46969,1.0,1730270066
611,47151,5.0,1730270024
611,47188,4.0,1730270458
611,47231,1.5,1730270789
611,47343,1.5,1730271059
611,47519,2.0,1730270573
611,47591,1.5,1730270604
611,47863,3.0,1730269997
611,47877,3.0,1730270462
611,47942,5.0,1730270756
611,48094,4.5,1730270237
611,48259,3.0,1730270170
611,48498,4.5,1730270055
611,48547,1.5,1730271256
611,48674,4.5,1730271096
611,48756,3.0,1730270561
611,48937,1.5,1730270330
611,49181,3.5,1730271332
611,49259,2.5,1730269947
611,49612,4.5,1730270297
611,49670,2.5,1730270975
611,49766,2.0,1730269882
611,49868,4.5,1730270928
611,49896,4.5,1730270825
611,49943,2.0,1730270337
611,50061,1.5,1730271142
611,50199,2.5,1730269941
611,50503,3.5,1730270635
611,50588,2.0,1730270045
611,50591,3.0,1730270709
611,50760,3.0,1730270644
611,50778,1.0,1730270862
611,50874,1.5,1730270344
611,51343,4.5,1730271110
611,51344,3.0,1730269886
611,51560,1.5,1730270935
611,51639,2.0,1730270190
611,51715,3.0,1730271139
611,51792,3.0,1730270236
611,51977,1.5,1730270591
611,52101,2.5,1730271114
611,52219,4.5,1730271339
611,52250,2.5,1730270921
611,52291,1.0,1730271358
611,52424,1.5,1730270159
611,52573,4.0,1730270610
611,52979,3.0,1730270032
611,53116,2.5,1730270210
611,53211,2.0,1730271224
611,53213,1.5,1730270280
611,53248,1.5,1730270487
611,53267,1.0,1730270787
611,53298,2.5,1730271019
611,53415,2.0,1730270260
611,53462,4.0,1730270268
611,53471,4.0,1730269940
611,53652,1.5,1730270852
611,53711,2.5,1730270364
611,53777,3.5,1730271039
611,53855,3.0,1730271307
611,53868,4.0,1730270551
611,54134,2.5,1730271266
611,54137,4.0,1730270131
611,54340,3.5,1730270491
611,54379,1.5,1730270079
611,54380,2.5,1730271295
611,54396,3.5,1730269883
611,54431,3.5,1730270151
611,54519,2.0,1730270909
611,54658,2.0,1730270647
611,54775,4.5,1730270515
611,54800,1.5,1730270749
611,54863,4.5,1730270764
611,54963,1.5,1730270381
611,54969,4.0,1730270678
611,55000,2.5,1730270807
611,55077,3.5,1730271335
611,55293,1.5,1730270683
611,55369,2.5,1730270892
611,55449,4.5,1730271042
611,55470,2.0,1730270835
611,55512,4.5,1730270944
611,55626,3.5,1730270986
611,55662,2.5,1730270700
611,55797,2.0,1730270093
611,55871,4.0,1730271104
611,55878,2.0,1730270582
611,55993,1.5,1730270371
611,56143,3.5,1730271147
611,56271,2.0,1730270214
611,56312,3.5,1730271300
611,56330,5.0,1730270618
611,56340,4.5,1730270413
611,56626,3.0,1730270621
611,57062,2.5,1730271153
611,57178,1.5,1730270347
611,57195,1.0,1730270478
611,57335,2.0,1730271112
611,57600,4.5,1730271155
611,57723,3.5,1730270463
611,58078,2.5,1730271208
611,58245,2.5,1730271160
611,58306,2.5,1730271309
611,58319,3.5,1730270391
611,58340,1.0,1730270803
611,58542,3.0,1730269879
611,58618,1.5,1730270438
611,58746,3.0,1730270392
611,58800,1.5,1730270195
611,59028,2.5,1730271040
611,59092,5.0,1730271216
611,59305,3.0,1730270243
611,59583,4.0,1730271128
611,59756,2.0,1730270652
611,59838,3.5,1730270645
611,59959,1.5,1730271204
611,60042,3.0,1730270643
611,60069,4.5,1730271262
611,60115,2.0,1730270680
611,60158,1.5,1730271241
611,60210,3.0,1730270841
611,60216,4.0,1730270950
611,60219,3.5,1730270345
611,60333,2.0,1730270953
611,60968,1.0,1730270340
611,61075,2.0,1730270339
611,61176,5.0,1730271197
611,61389,2.5,1730271368
611,61516,2.5,1730270804
611,61621,1.5,1730271117
611,61651,4.0,1730271066
611,61755,3.5,1730271341
611,61915,2.5,1730271340
611,62124,1.5,1730270829
611,62345,3.0,1730270254
611,62608,3.5,1730270963
611,62668,2.0,1730270736
611,63067,4.0,1730271292
611,63157,1.5,1730271311
611,63515,3.5,1730270985
611,63546,1.5,1730270506
611,63912,4.0,1730270218
611,63921,5.0,1730269907
611,64004,5.0,1730270080
611,64182,2.5,1730270097
611,64402,3.0,1730270092
611,64533,4.5,1730271125
611,64538,4.5,1730270052
611,64568,4.5,1730270061
611,64574,2.0,1730270824
611,64816,5.0,1730271215
611,64914,2.0,1730270883
611,65043,4.0,1730270172
611,65058,3.5,1730271206
611,65269,5.0,1730270984
611,65294,2.0,1730271113
611,65375,3.5,1730270897
611,65478,4.5,1730270627
611,65585,3.0,1730270847
611,65610,4.5,1730270746
611,65643,1.5,1730269960
611,65722,4.5,1730271203
611,65832,2.0,1730270219
611,66049,2.0,1730270359
611,66069,4.5,1730270859
611,66405,1.5,1730270496
611,66495,4.5,1730270940
611,66766,4.0,1730270002
611,66950,2.0,1730270989
611,67334,2.0,1730270865
611,67345,1.5,1730270974
611,67357,2.0,1730270982
611,67506,3.0,1730271229
611,67538,5.0,1730270273
611,67560,4.0,1730270628
611,67709,1.5,1730270256
611,67713,3.0,1730270488
611,67719,4.0,1730270028
611,67725,4.5,1730270969
611,67893,2.0,1730269967
611,68080,4.5,1730270125
611,68159,3.5,1730269982
611,68306,1.0,1730270978
611,68691,2.5,1730270328
611,68712,3.0,1730270313
611,68880,1.5,1730270043
611,68891,3.0,1730270673
611,69107,4.0,1730270058
611,69170,2.5,1730271000
611,69418,5.0,1730270076
611,69564,2.5,1730270272
611,69853,2.5,1730270936
611,69901,2.5,1730270489
611,70186,1.5,1730270208
611,70201,3.5,1730270426
611,70697,1.5,1730270424
611,70707,4.5,1730271334
611,70820,1.5,1730270377
611,70820,3.5,1730271337
611,70948,2.0,1730270000
611,70949,2.0,1730271165
611,71022,4.5,1730269983
611,71211,1.5,1730270642
611,71486,1.0,1730271126
611,71882,4.0,1730271296
611,72094,4.5,1730270326
611,72130,2.5,1730271068
611,72472,4.5,1730270814
611,72522,2.5,1730270624
611,72645,4.0,1730269998
611,72822,2.0,1730270552
611,72864,4.5,1730270369
611,73007,3.5,1730271290
611,73509,3.5,1730270520
611,73590,3.0,1730270046
611,73719,3.5,1730270615
611,73860,2.5,1730271141
611,73923,1.5,1730270690
611,73981,2.0,1730270216
611,74182,3.5,1730270395
611,74341,2.0,1730270501
611,74366,3.0,1730271020
611,74449,2.0,1730271279
611,74529,2.5,1730270899
611,74816,5.0,1730270088
611,74858,2.5,1730271115
611,74858,2.0,1730269970
611,74981,2.5,1730270287
611,75005,4.0,1730270960
611,75007,4.5,1730270492
611,75103,4.0,1730269965
611,75161,4.0,1730271189
611,75252,4.5,1730270336
611,75402,2.5,1730271209
611,75440,4.5,1730271045
611,75520,4.5,1730270755
611,75626,2.5,1730270005
611,75781,2.5,1730270440
611,75789,2.5,1730271282
611,75915,1.5,1730270346
611,76127,3.5,1730270384
611,76236,3.5,1730270585
611,76290,4.5,1730270913
611,76542,4.5,1730270707
611,76620,4.5,1730270102
611,76662,1.5,1730271103
611,76704,2.5,1730271073
611,76860,2.0,1730270355
611,76867,2.0,1730270997
611,77057,3.0,1730270009
611,77123,3.0,1730270134
611,77345,4.0,1730271338
611,77368,2.5,1730271188
611,77475,3.5,1730269950
611,77498,4.0,1730271360
611,77669,1.5,1730271015
611,77954,3.5,1730270726
611,78204,2.0,1730271094
611,78230,3.0,1730269951
611,78247,4.5,1730270594
611,78355,3.0,1730269996
611,78447,3.0,1730270639
611,78693,2.0,1730270238
611,78713,2.0,1730270634
611,78717,3.0,1730270004
611,78846,3.5,1730270856
611,78882,2.5,1730270555
611,79110,2.5,1730270294
611,79191,4.5,1730271217
611,79341,4.5,1730270406
611,79344,2.5,1730270316
611,79440,2.5,1730270563
611,79628,2.5,1730271222
611,79648,4.0,1730269975
611,79688,1.0,1730270992
611,79692,1.5,1730270224
611,79928,4.5,1730271263
611,80285,4.0,1730270274
611,80379,5.0,1730270744
611,80412,1.0,1730269934
611,80428,3.0,1730270182
611,80575,2.0,1730271261
611,80762,3.5,1730270445
611,80765,1.0,1730271123
611,80918,4.0,1730270668
611,81028,4.0,1730270776
611,81125,4.0,1730270670
611,81184,4.0,1730270156
611,81187,1.0,1730270839
611,81189,4.5,1730270354
611,81394,5.0,1730271106
611,81644,2.5,1730269918
611,81698,1.5,1730271130
611,81958,2.0,1730270857
611,82134,1.5,1730271077
611,82324,3.0,1730270295
611,83007,4.0,1730270954
611,83123,2.0,1730270530
611,83156,4.5,1730270065
611,83691,2.0,1730270155
611,83760,3.0,1730270259
611,83909,5.0,1730270255
611,84208,3.5,1730270823
611,84405,4.5,1730270999
611,84414,3.5,1730270431
611,84435,5.0,1730271092
611,85479,3.0,1730270667
611,85593,5.0,1730269958
611,85630,1.5,1730271322
611,85698,1.5,1730269973
611,85939,4.0,1730271315
611,85993,2.5,1730271178
611,86050,2.5,1730270565
611,86183,3.5,1730270611
611,86195,1.5,1730270048
611,86219,3.0,1730270937
611,86229,5.0,1730271033
611,86391,2.5,1730271158
611,86634,2.5,1730270439
611,86924,1.5,1730269910
611,86990,3.5,1730269959
611,87005,1.0,1730269878
611,87064,4.0,1730270964
611,87336,4.5,1730270367
611,87426,3.0,1730270251
611,87466,4.5,1730270788
611,87670,1.0,1730269979
611,87955,3.0,1730270818
611,88012,4.5,1730270890
611,88311,4.0,1730270446
611,88586,2.5,1730270249
611,88717,4.0,1730271247
611,88761,2.5,1730269994
611,88803,5.0,1730270720
611,88856,1.5,1730270638
611,89009,2.0,1730270605
611,89052,4.5,1730270516
611,89060,2.5,1730270699
611,89094,3.5,1730271058
611,89363,1.5,1730269980
611,89374,3.5,1730270752
611,89436,2.0,1730271291
611,89482,1.5,1730270311
611,89689,1.5,1730271363
611,89717,3.0,1730271350
611,89915,4.5,1730270199
611,89975,2.5,1730271057
611,89978,4.5,1730269946
611,90065,1.5,1730271194
611,90889,1.5,1730269956
611,90899,1.5,1730271064
611,91196,2.0,1730270629
611,91358,1.5,1730270180
611,91452,4.0,1730270410
611,91568,3.5,1730271193
611,91627,2.0,1730271367
611,91644,2.0,1730270077
611,91717,4.0,1730270656
611,91781,5.0,1730269953
611,92076,3.0,1730271288
611,92240,1.5,1730270915
611,92312,2.5,1730270920
611,92455,1.0,1730270526
611,92624,3.0,1730269904
611,92782,2.0,1730270537
611,92816,2.0,1730271227
611,93003,2.5,1730270923
611,93149,3.5,1730270549
611,93207,2.0,1730270228
611,93305,2.5,1730270830
611,93851,5.0,1730270334
611,94665,3.0,1730270442
611,94808,4.0,1730271281
611,94850,3.0,1730271011
611,94887,2.5,1730270872
611,94931,5.0,1730270735
611,94965,3.0,1730271237
611,95095,1.0,1730271012
611,95124,4.5,1730270750
611,95349,5.0,1730270885
611,95526,4.5,1730270067
611,95677,3.5,1730270240
611,96362,3.0,1730271131
611,96552,1.0,1730271260
611,97079,1.0,1730270695
611,97141,2.5,1730270246
611,97364,1.5,1730270070
611,97740,2.5,1730270578
611,98047,1.0,1730271152
611,98065,4.5,1730270232
611,98247,1.5,1730270183
611,98462,4.5,1730270086
611,98762,3.0,1730270322
611,98767,4.0,1730270842
611,98807,1.0,1730270357
611,99210,3.0,1730270812
611,99529,4.0,1730270579
611,99656,4.5,1730270535
611,99714,1.5,1730271116
611,99774,4.0,1730270166
611,99924,2.5,1730270136
611,100139,3.5,1730271195
611,100165,3.0,1730269872
611,100314,1.5,1730270948
611,100374,3.0,1730271169
611,100671,3.0,1730271232
611,100700,2.5,1730270802
611,100849,1.0,1730271326
611,100856,1.0,1730270738
611,100889,1.0,1730270283
611,101058,1.0,1730270327
611,101398,1.5,1730269921
611,101523,1.5,1730270049
611,101568,2.5,1730271175
611,101623,4.5,1730270039
611,101821,1.5,1730271320
611,101906,3.0,1730270976
611,101929,3.5,1730270676
611,102128,2.5,1730270616
611,102278,3.0,1730270320
611,102493,3.5,1730270404
611,102530,4.5,1730270408
611,102533,2.0,1730271025
611,102543,3.0,1730270498
611,102610,3.5,1730270304
611,102832,3.5,1730270876
611,102895,3.5,1730270840
611,102995,3.0,1730271179
611,103277,4.5,1730270704
611,103707,4.0,1730271081
611,103744,2.0,1730271095
611,103974,4.5,1730270471
611,103986,2.5,1730270660
611,104157,5.0,1730271144
611,104447,4.0,1730270177
611,104569,4.0,1730270796
611,105008,3.0,1730270379
611,105252,3.0,1730270220
611,105252,2.0,1730271361
611,105255,2.5,1730271150
611,105461,3.0,1730270063
611,105722,3.0,1730271321
611,105911,4.0,1730270708
611,105918,2.5,1730271264
611,105976,3.5,1730270786
611,106101,2.0,1730270062
611,106150,4.5,1730270152
611,106414,3.5,1730271080
611,106685,3.0,1730271164
611,106703,2.0,1730269987
611,106722,3.5,1730271265
611,106741,2.5,1730270127
611,106862,5.0,1730271184
611,106892,3.0,1730270115
611,107151,3.0,1730269936
611,107194,3.0,1730270323
611,107373,4.5,1730270059
611,107399,3.5,1730270459
611,107462,3.5,1730270147
611,107916,5.0,1730270397
611,108064,3.0,1730270034
611,108248,4.5,1730270568
611,108475,1.0,1730270607
611,108490,1.5,1730269992
611,108633,4.5,1730270018
611,108664,3.0,1730271017
611,108735,5.0,1730271027
611,108858,2.0,1730271035
611,108864,2.5,1730270529
611,109101,3.5,1730271196
611,109147,3.5,1730271108
611,109169,1.5,1730271308
611,109217,1.5,1730270414
611,109246,5.0,1730270783
611,109326,5.0,1730270239
611,109434,2.5,1730271138
611,109824,1.5,1730270035
611,109893,4.0,1730270519
611,109937,2.5,1730270562
611,110355,2.5,1730270286
611,110457,4.5,1730271134
611,110877,5.0,1730270907
611,110918,3.0,1730270728
611,111180,5.0,1730270717
611,111348,2.0,1730271008
611,111465,2.5,1730270981
611,111624,3.0,1730270270
611,111949,3.0,1730270139
611,112360,3.0,1730270290
611,112458,4.0,1730271362
611,112511,3.5,1730270697
611,112657,3.5,1730271031
611,112699,2.5,1730270460
611,112738,2.0,1730271342
611,112781,3.0,1730270649
611,112921,3.0,1730271273
611,113355,2.5,1730270261
611,113441,1.0,1730270849
611,113617,2.5,1730270194
611,113687,2.0,1730271351
611,113707,3.5,1730271299
611,114045,4.5,1730270681
611,114160,3.0,1730270651
611,114201,2.0,1730270571
611,114419,1.5,1730270117
611,114967,1.5,1730270494
611,115161,5.0,1730270808
611,115224,1.5,1730270356
611,115300,3.0,1730270569
611,115661,4.0,1730269986
611,116084,3.0,1730270879
611,116089,4.5,1730271297
611,116095,1.0,1730270580
611,116168,2.0,1730270932
611,116317,4.5,1730270833
611,116323,3.0,1730271049
611,116570,3.5,1730270021
611,116662,3.5,1730270090
611,116670,2.5,1730270625
611,116970,2.5,1730270868
611,117184,4.0,1730270253
611,117205,2.0,1730270836
611,117306,1.0,1730270863
611,117368,4.5,1730270810
611,117416,3.0,1730269966
611,117624,3.0,1730270905
611,117865,3.0,1730270593
611,118013,4.5,1730270019
611,118027,1.5,1730270089
611,118115,2.0,1730271304
611,118230,2.0,1730270710
611,118379,3.5,1730270425
611,118540,2.0,1730269971
611,118686,3.0,1730271149
611,118835,1.5,1730271272
611,119049,4.5,1730270353
611,119104,1.5,1730270373
611,119171,2.0,1730271198
611,119288,2.0,1730270068
611,119471,4.5,1730270120
611,119585,1.5,1730270534
611,119634,3.0,1730270739
611,119719,5.0,1730270074
611,120025,2.0,1730270342
611,120194,4.5,1730271270
611,120298,3.5,1730270773
611,120458,4.5,1730270732
611,120647,1.0,1730270105
611,120693,3.5,1730271093
611,120699,4.5,1730270546
611,120750,4.5,1730271163
611,120794,4.0,1730270138
611,121032,4.0,1730270315
611,121033,2.5,1730270790
611,121191,1.5,1730270838
611,121205,3.0,1730270363
611,121421,4.5,1730270385
611,121429,2.0,1730271050
611,121638,3.5,1730271242
611,122099,3.0,1730269911
611,122343,4.5,1730271161
611,122535,5.0,1730271202
611,122566,3.5,1730270767
611,122759,3.0,1730270784
611,122776,2.0,1730270576
611,122783,3.5,1730270312
611,122953,1.5,1730270096
611,123027,1.5,1730269923
611,123090,4.0,1730270133
611,123223,3.0,1730270597
611,123463,1.5,1730270465
611,123736,1.0,1730270124
611,123912,1.5,1730271046
611,123964,2.0,1730270532
611,124112,5.0,1730270523
611,124124,2.0,1730270161
611,124239,1.0,1730271283
611,124330,2.0,1730270158
611,124360,2.0,1730270388
611,124439,2.5,1730270056
611,124469,3.5,1730271235
611,124498,1.5,1730270665
611,124537,1.5,1730270939
611,124544,4.5,1730270421
611,124587,2.5,1730270162
611,124862,5.0,1730271006
611,124911,3.5,1730270071
611,124997,4.5,1730270943
611,125089,3.5,1730270085
611,125312,5.0,1730271044
611,125356,4.5,1730271001
611,125362,1.5,1730269929
611,125494,2.0,1730270705
611,125640,3.5,1730270864
611,125709,3.0,1730270317
611,126077,2.5,1730270596
611,126141,3.5,1730270539
611,126216,1.5,1730271087
611,126267,3.5,1730270723
611,126370,4.0,1730270795
611,126411,4.0,1730270450
611,126436,4.5,1730270577
611,126448,3.0,1730270779
611,126564,3.5,1730270759
611,126704,3.5,1730270612
611,126739,2.0,1730271041
611,126916,4.5,1730270437
611,126924,4.5,1730270637
611,127005,3.0,1730270331
611,127102,3.5,1730270042
611,127243,1.5,1730271082
611,127502,2.0,1730270766
611,127663,5.0,1730270211
611,127715,2.5,1730271352
611,127914,3.0,1730270777
611,127983,3.5,1730270848
611,128085,1.5,1730271069
611,128147,3.5,1730270947
611,128356,2.5,1730270547
611,128467,4.0,1730269937
611,128475,2.0,1730271135
611,129129,3.0,1730271176
611,129750,1.0,1730270509
611,129836,4.5,1730270874
611,129862,2.5,1730270118
611,130000,4.0,1730270305
611,130029,4.5,1730270820
611,130382,4.5,1730270271
611,130626,1.5,1730271312
611,130697,2.5,1730271060
611,130829,1.5,1730271294
611,131129,1.0,1730271268
611,131206,3.0,1730271200
611,131288,2.0,1730270929
611,131295,3.5,1730270230
611,131391,1.5,1730271072
611,131444,2.5,1730270971
611,131547,2.0,1730271009
611,131594,3.5,1730270434
611,131987,5.0,1730270157
611,132231,4.5,1730270420
611,132260,2.5,1730271102
611,132557,5.0,1730270083
611,132585,3.5,1730270711
611,132928,1.0,1730271172
611,133016,2.0,1730270988
611,133053,1.0,1730271243
611,133144,2.5,1730271330
611,133207,5.0,1730270716
611,133240,1.0,1730270248
611,133548,1.0,1730271267
611,133636,3.0,1730270584
611,133810,4.5,1730271310
611,133827,2.5,1730270325
611,133872,3.5,1730271345
611,134178,2.0,1730270743
611,134222,1.5,1730271287
611,134322,3.0,1730270231
611,134740,4.5,1730270263
611,134776,2.5,1730270850
611,134872,3.5,1730270150
611,134904,2.5,1730270033
611,134951,4.5,1730270757
611,135004,2.0,1730271259
611,135074,3.5,1730270010
611,135098,3.5,1730270390
611,135443,1.5,1730269961
611,135574,2.5,1730270123
611,135894,1.5,1730270037
611,136093,3.5,1730270241
611,136105,3.0,1730270149
611,136149,2.0,1730270771
611,136457,4.5,1730270956
611,136599,3.5,1730270448
611,136655,3.5,1730270012
611,136915,5.0,1730270655
611,137037,5.0,1730270900
611,137041,5.0,1730270799
611,137122,3.5,1730270906
611,137182,4.5,1730270452
611,137232,1.0,1730271043
611,137543,4.0,1730270860
611,137632,4.5,1730270351
611,137761,2.5,1730271047
611,137816,3.0,1730270189
611,137820,4.5,1730270553
611,138227,2.0,1730270206
611,138323,4.5,1730270893
611,138345,3.0,1730270559
611,138384,1.0,1730271107
611,138397,1.5,1730270693
611,138444,3.5,1730270995
611,138632,1.5,1730270014
611,138724,4.0,1730270525
611,138796,4.5,1730271366
611,138941,1.0,1730270672
611,138948,1.5,1730271007
611,138972,3.0,1730270800
611,138982,3.0,1730270798
611,139040,3.5,1730270405
611,139281,3.5,1730271323
611,139490,3.5,1730270114
611,139539,1.5,1730270140
611,139567,4.5,1730270250
611,139976,1.5,1730271181
611,140041,4.0,1730270050
611,140065,4.5,1730270930
611,140100,2.0,1730270828
611,140109,3.5,1730269935
611,140177,2.5,1730270733
611,140349,4.0,1730270904
611,140485,3.5,1730270444
611,140507,4.0,1730271248
611,140699,3.0,1730269874
611,140751,4.5,1730270324
611,140871,4.5,1730270081
611,140906,2.0,1730271346
611,141041,3.0,1730270383
611,141162,4.0,1730271370
611,141166,1.5,1730270931
611,141177,3.0,1730270475
611,141275,4.5,1730270791
611,141332,2.5,1730270419
611,141463,2.5,1730271286
611,141500,1.5,1730270435
611,141740,2.0,1730270197
611,141752,1.0,1730271234
611,141921,1.0,1730270701
611,142122,4.5,1730270335
611,142219,2.5,1730270145
611,142389,3.5,1730270613
611,142454,3.5,1730270171
611,142816,1.5,1730270768
611,142972,4.0,1730271032
611,142978,2.5,1730270881
611,143125,5.0,1730270595
611,143172,2.5,1730270542
611,143454,3.5,1730270278
611,143639,2.5,1730270968
611,143683,4.0,1730269925
611,143724,1.0,1730271145
611,143740,2.5,1730270727
611,143751,2.5,1730270057
611,143838,2.0,1730270264
611,143861,4.0,1730270352
611,143927,1.5,1730270813
611,144191,1.5,1730270887
611,144423,4.0,1730270942
611,144532,4.5,1730270688
611,144538,3.0,1730271038
611,144741,2.0,1730271219
611,144782,2.5,1730269984
611,144899,3.0,1730270661
611,145069,3.5,1730269924
611,145320,4.0,1730270173
611,145382,3.5,1730270958
611,145786,3.0,1730270741
611,145869,3.0,1730270598
611,146197,2.0,1730270451
611,146279,1.5,1730270148
611,146398,4.0,1730270020
611,146458,1.5,1730270449
611,146583,4.0,1730270603
611,146692,4.5,1730271024
611,146702,2.5,1730270432
611,146880,4.0,1730270636
611,146915,2.0,1730270343
611,147079,3.5,1730270599
611,147284,1.0,1730270235
611,147331,3.0,1730270174
611,147393,1.5,1730270677
611,147425,2.5,1730271349
611,147447,3.5,1730271333
611,147497,3.0,1730269875
611,147599,3.5,1730271207
611,147653,2.0,1730270207
611,147962,4.5,1730269933
611,148068,3.5,1730270394
611,148133,1.0,1730271162
611,148198,4.0,1730270409
611,148198,5.0,1730270724
611,148275,4.5,1730271021
611,148284,5.0,1730270706
611,148316,1.5,1730270983
611,148408,1.0,1730270712
611,148533,3.0,1730269938
611,148579,2.0,1730271258
611,148753,2.0,1730271137
611,148814,4.0,1730270053
611,149169,2.0,1730270015
611,150172,3.0,1730270959
611,150184,4.5,1730270164
611,150237,2.0,1730270878
611,150342,4.0,1730270785
611,150401,2.5,1730271010
611,150422,4.0,1730270001
611,151200,3.0,1730270186
611,151329,3.0,1730271313
611,151496,1.5,1730270718
611,151738,2.0,1730270025
611,151807,2.5,1730270468
611,151911,3.0,1730270962
611,152112,3.0,1730270483
611,152203,1.0,1730271214
611,152265,3.0,1730270774
611,152353,1.5,1730271054
611,152652,2.5,1730271129
611,152698,2.5,1730270008
611,152790,1.0,1730271276
611,152857,3.0,1730271317
611,153027,2.5,1730269876
611,153395,2.0,1730269964
611,153535,5.0,1730270400
611,153559,5.0,1730270407
611,153986,3.5,1730270370
611,154112,3.0,1730270276
611,154117,2.5,1730270201
611,154321,4.0,1730270877
611,154602,3.0,1730270861
611,154686,3.0,1730270934
611,154753,4.5,1730270245
611,154827,3.5,1730270362
611,154990,2.5,1730271336
611,155543,4.5,1730269884
611,155587,2.5,1730271364
611,155905,3.5,1730271030
611,155956,2.5,1730270309
611,156237,4.0,1730271211
611,156346,3.5,1730270416
611,156361,4.0,1730270819
611,156365,3.5,1730270222
611,156490,1.5,1730270922
611,156655,1.0,1730270558
611,156716,5.0,1730270075
611,156735,2.5,1730270938
611,157001,4.0,1730270548
611,157096,2.5,1730271186
611,157102,2.0,1730269931
611,157321,2.5,1730270980
611,157339,4.5,1730270925
611,157372,2.5,1730269898
611,157526,3.0,1730270457
611,157637,4.0,1730270745
611,157778,4.5,1730270973
611,157839,5.0,1730270181
611,157899,5.0,1730271191
611,157940,4.5,1730270575
611,158050,5.0,1730271076
611,158451,4.0,1730270098
611,158584,1.5,1730270281
611,158800,1.5,1730270666
611,158824,3.5,1730269901
611,158877,4.0,1730270461
611,158879,3.0,1730270919
611,158933,3.5,1730269926
611,158958,2.5,1730270285
611,159149,2.0,1730271302
611,159432,3.0,1730269930
611,159520,2.0,1730270734
611,159645,1.5,1730270378
611,159672,3.0,1730270793
611,159688,1.5,1730271051
611,159693,3.5,1730270143
611,160006,2.0,1730270126
611,160055,4.0,1730270648
611,160073,4.0,1730270175
611,160338,1.0,1730270875
611,160543,2.0,1730269978
611,160564,4.0,1730270586
611,161016,1.0,1730269889
611,161198,4.0,1730270382
611,161265,2.0,1730270531
611,161508,3.5,1730271365
611,161567,5.0,1730271071
611,161711,1.0,1730270200
611,161775,4.0,1730270277
611,161935,1.5,1730270350
611,162161,2.5,1730271098
611,162265,5.0,1730270952
611,162295,1.5,1730271278
611,162314,1.5,1730271074
611,162397,2.0,1730269922
611,162658,4.0,1730271100
611,162673,3.5,1730270894
611,162798,2.5,1730271329
611,162850,3.0,1730269917
611,162983,2.5,1730270805
611,163120,3.5,1730271347
611,163534,1.5,1730270006
611,163640,5.0,1730270991
611,163890,3.0,1730270060
611,164004,5.0,1730270507
611,164111,3.0,1730270843
611,164187,1.0,1730270722
611,164255,2.5,1730270144
611,164265,2.5,1730270687
611,164321,4.5,1730271201
611,164900,4.0,1730270623
611,164947,2.5,1730270946
611,165320,3.0,1730271148
611,165507,1.5,1730270497
611,165731,2.5,1730270193
611,165755,4.0,1730270091
611,165930,1.5,1730270602
611,166006,2.5,1730270630
611,166019,5.0,1730270758
611,166197,3.0,1730270472
611,166267,4.0,1730270891
611,166378,2.5,1730269939
611,166465,1.5,1730270310
611,166582,3.5,1730269993
611,166728,2.5,1730271028
611,167184,5.0,1730270454
611,167593,4.0,1730270188
611,167941,3.0,1730271192
611,168104,3.5,1730270011
611,168558,2.5,1730270142
611,168704,2.5,1730271275
611,168876,3.0,1730270902
611,168878,3.0,1730270493
611,169026,2.0,1730270742
611,169032,5.0,1730270760
611,169125,2.0,1730271105
611,169388,2.0,1730269972
611,169453,1.0,1730270632
611,169610,3.5,1730270135
611,169650,3.0,1730271245
611,169709,1.0,1730270027
611,169733,3.0,1730270306
611,169770,2.5,1730271252
611,170181,1.0,1730270296
611,170281,2.0,1730270770
611,170296,2.0,1730270266
611,170422,3.0,1730270641
611,170759,4.5,1730270130
611,170786,3.5,1730270078
611,171080,3.0,1730269949
611,171366,4.5,1730271143
611,171452,3.5,1730270517
611,171488,3.0,1730270524
611,171581,3.5,1730271151
611,171673,3.5,1730270365
611,171739,3.0,1730271180
611,171894,4.0,1730269893
611,172025,3.5,1730271034
611,172052,2.5,1730270044
611,172053,4.5,1730270469
611,172142,3.5,1730271344
611,172142,4.5,1730270204
611,172312,5.0,1730271118
611,172423,1.5,1730271253
611,172496,4.0,1730270882
611,172515,2.5,1730270761
611,173133,3.5,1730270163
611,173423,2.5,1730269877
611,173460,3.5,1730270302
611,173846,1.0,1730270521
611,173874,3.5,1730271230
611,173961,1.5,1730270109
611,174015,1.5,1730270765
611,174045,1.5,1730270545
611,174047,1.0,1730270205
611,174066,2.5,1730270583
611,174368,2.5,1730271325
611,174441,4.0,1730270490
611,174853,1.5,1730271136
611,174884,4.5,1730270430
611,174931,2.0,1730270029
611,174934,2.5,1730269942
611,175024,1.0,1730269919
611,175054,1.0,1730270601
611,175055,2.5,1730270026
611,175111,4.0,1730271089
611,175214,5.0,1730270298
611,175285,3.5,1730271369
611,175514,4.5,1730271097
611,175685,4.5,1730270512
611,175709,2.0,1730270780
611,175974,4.0,1730270291
611,176189,2.5,1730271127
611,176203,3.0,1730270858
611,176204,3.0,1730269974
611,176243,2.5,1730271091
611,176355,5.0,1730270007
611,176358,1.5,1730270513
611,176413,5.0,1730270073
611,176793,4.0,1730271079
611,176864,3.5,1730271061
611,177047,3.0,1730270664
611,177224,3.0,1730270301
611,177346,1.5,1730270778
611,177351,4.0,1730270817
611,177387,2.5,1730271238
611,177702,4.5,1730270329
611,177834,1.5,1730271067
611,177964,5.0,1730270428
611,178061,2.5,1730270979
611,178088,2.5,1730269943
611,178118,3.5,1730271354
611,178218,4.0,1730270423
611,178260,1.5,1730270653
611,179039,1.5,1730271075
611,179154,4.5,1730271088
611,179475,4.0,1730270640
611,179742,2.5,1730269892
611,179762,4.5,1730270267
611,179820,3.5,1730270178
611,179935,4.5,1730270686
611,179950,2.5,1730270927
611,180027,1.0,1730270292
611,180037,1.0,1730270590
611,180165,4.0,1730270570
611,180215,1.5,1730270013
611,180238,4.0,1730271183
611,180300,1.5,1730270500
611,180344,4.5,1730271014
611,180346,4.5,1730271246
611,180474,2.0,1730271156
611,180553,2.0,1730270721
611,180646,3.0,1730270112
611,180680,3.0,1730270763
611,181104,3.5,1730270082
611,181154,4.5,1730271170
611,181187,2.0,1730270737
611,181498,3.0,1730270846
611,181503,2.5,1730271251
611,181597,3.0,1730270658
611,181712,1.5,1730269903
611,182364,2.0,1730270965
611,182532,4.0,1730270403
611,182567,5.0,1730269909
611,182615,4.0,1730269927
611,182814,4.5,1730270914
611,182972,3.5,1730270996
611,183311,2.0,1730270564
611,183396,1.5,1730270689
611,183425,2.0,1730271003
611,183492,4.5,1730271018
611,183692,1.0,1730270503
611,183817,2.0,1730270023
611,183982,2.0,1730270417
611,184377,3.5,1730270314
611,184468,2.0,1730270998
611,184556,5.0,1730271353
611,184714,2.5,1730270826
611,184857,3.0,1730270682
611,184941,1.5,1730271199
611,184969,2.0,1730270481
611,185106,4.5,1730271159
611,185114,2.0,1730270101
611,185285,4.0,1730270036
611,185627,4.5,1730270333
611,185628,2.0,1730270572
611,185648,2.5,1730270121
611,185681,2.5,1730271331
611,185756,2.0,1730270209
611,186403,3.0,1730270229
611,186806,3.0,1730270411
611,186892,4.0,1730269989
611,186900,3.5,1730271146
611,187192,3.0,1730270945
611,187202,1.5,1730270132
611,187599,1.5,1730270203
611,187773,2.5,1730270522
611,187950,3.5,1730270141
611,188079,4.5,1730270557
611,188228,1.0,1730270003
611,188280,4.0,1730270499
611,188321,3.0,1730270169
611,188340,1.5,1730270845
611,188438,3.5,1730270685
611,188470,3.5,1730270753
611,188708,4.0,1730270550
611,189102,2.0,1730270869
611,189247,4.0,1730269991
611,189339,3.5,1730270146
611,189406,4.0,1730270714
611,189449,4.0,1730269913
611,189465,3.5,1730271013
611,189824,4.5,1730271132
611,189936,1.5,1730270441
611,190135,3.0,1730270527
611,190343,2.0,1730271157
611,190525,4.0,1730270279
611,190601,2.0,1730271124
611,190839,1.5,1730271168
611,190841,2.0,1730270153
611,190973,2.0,1730270870
611,190990,4.5,1730271212
611,191360,2.5,1730270111
611,191385,3.5,1730270924
611,191391,3.5,1730270041
611,191415,2.0,1730269954
611,191462,2.0,1730270794
611,191681,2.5,1730270372
611,191791,3.0,1730270916
611,191872,5.0,1730271065
611,191971,4.5,1730270698
611,192067,4.5,1730270225
611,192440,3.0,1730271167
611,192573,4.0,1730270809
611,192674,4.0,1730270831
611,192847,2.0,1730271099
611,192947,3.5,1730271348
611,193000,2.5,1730269999
611,193183,3.5,1730270293
611,193211,2.5,1730270646
611,193244,1.0,1730270223
611,193391,5.0,1730270622
611,193396,3.0,1730269977
